{
    "accuracy": 0.9346049046321526,
    "precision": 0.828125,
    "recall": 0.6794871794871795,
    "auc": 0.8281033781033782
}